id        , Tg       , FFV       , Tc        , Density   , Rg
1109053969, 55.324615, 0.37657073, 0.2516617 , 0.997365  , 17.126003
1422188626, 56.513474, 0.37749413, 0.25355121, 1.000355  , 17.986261
2032016830, 56.43682 , 0.37902808, 0.24920751, 0.98817486, 17.003132
