id,Tg,FFV,Tc,Density,Rg
1109053969,99.684525,0.36701706,0.22427435,1.0380143,15.935292
1422188626,99.70637,0.36686584,0.22520785,1.0380982,15.964042
2032016830,99.722786,0.36701787,0.22429436,1.0378383,15.929148
